fold,video,true_label,predicted_label,confidence,correct
0,0003,can,can,1.0,1
0,0003,box,box,0.906,1
0,0003,mug,mug,0.994,1
0,0016,box,box,1.0,1
0,0016,bottle,bottle,0.96,1
0,0016,box,box,0.878,1
0,0021,can,can,1.0,1
0,0021,bottle,bottle,0.944,1
0,0027,bowl,bowl,0.998,1
0,0027,mug,mug,0.99,1
0,0033,box,box,0.95,1
0,0033,can,can,1.0,1
0,0033,bottle,bottle,0.67,1
0,0033,mug,mug,0.98,1
0,0040,can,can,1.0,1
0,0040,bottle,bottle,0.924,1
0,0040,box,box,0.964,1
0,0040,box,box,0.974,1
0,0040,bowl,box,0.892,0
0,0042,box,box,0.996,1
0,0045,box,box,1.0,1
0,0045,box,box,0.938,1
0,0045,box,box,0.956,1
0,0046,bottle,bottle,0.924,1
0,0046,box,box,0.992,1
0,0050,box,box,0.996,1
0,0050,can,can,1.0,1
0,0050,bottle,bottle,0.956,1
0,0059,box,box,0.988,1
0,0059,can,can,1.0,1
0,0075,mug,mug,0.998,1
0,0076,can,can,1.0,1
0,0076,bottle,bottle,0.948,1
0,0076,box,box,0.572,1
0,0080,box,box,0.972,1
0,0080,bottle,bottle,0.832,1
0,0081,box,box,0.994,1
0,0084,bottle,bottle,0.462,1
0,0084,mug,box,0.602,0
0,0084,box,box,0.978,1
0,0091,can,can,1.0,1
0,0091,bottle,bottle,0.828,1
0,0091,box,box,0.838,1
1,0001,can,can,1.0,1
1,0001,box,box,0.876,1
1,0002,bottle,bottle,0.736,1
1,0002,box,box,0.994,1
1,0007,box,box,0.832,1
1,0007,bottle,bottle,0.986,1
1,0007,bowl,bowl,0.74,1
1,0007,mug,box,0.934,0
1,0011,bottle,bottle,0.656,1
1,0011,bowl,box,0.42,0
1,0011,mug,mug,0.944,1
1,0020,box,box,0.974,1
1,0022,can,can,1.0,1
1,0022,box,box,0.982,1
1,0022,mug,mug,1.0,1
1,0022,box,box,0.992,1
1,0028,box,box,0.482,1
1,0028,box,box,0.664,1
1,0031,can,can,1.0,1
1,0031,bottle,bottle,0.736,1
1,0031,box,box,0.882,1
1,0049,box,box,0.762,1
1,0054,box,box,0.99,1
1,0054,bottle,bottle,0.696,1
1,0058,box,box,0.99,1
1,0058,box,box,0.982,1
1,0058,box,box,0.984,1
1,0061,bottle,bottle,0.942,1
1,0061,box,box,0.902,1
1,0064,box,box,0.964,1
1,0068,can,can,1.0,1
1,0068,can,can,0.996,1
1,0074,box,box,1.0,1
1,0074,bottle,bottle,0.766,1
1,0079,can,can,1.0,1
1,0079,bottle,bottle,0.538,1
1,0079,box,box,0.938,1
1,0087,can,can,1.0,1
1,0087,bottle,bottle,0.738,1
1,0087,box,box,0.956,1
1,0087,box,box,0.996,1
2,0000,box,box,0.948,1
2,0000,mug,mug,1.0,1
2,0000,box,box,0.98,1
2,0012,can,can,1.0,1
2,0012,can,can,1.0,1
2,0012,box,box,0.904,1
2,0013,can,can,1.0,1
2,0013,can,can,1.0,1
2,0013,bowl,box,0.908,0
2,0014,can,can,1.0,1
2,0014,box,box,0.878,1
2,0023,mug,mug,1.0,1
2,0026,bottle,bottle,0.912,1
2,0029,box,box,0.898,1
2,0029,box,box,0.906,1
2,0035,box,box,0.822,1
2,0036,can,can,1.0,1
2,0043,box,box,0.972,1
2,0055,can,can,1.0,1
2,0055,box,box,0.99,1
2,0055,can,can,1.0,1
2,0055,mug,mug,1.0,1
2,0060,box,box,0.964,1
2,0060,can,can,1.0,1
2,0063,box,box,0.978,1
2,0071,bottle,bottle,0.76,1
2,0071,bottle,bottle,0.868,1
2,0071,box,box,0.994,1
2,0082,box,box,0.992,1
2,0090,mug,mug,0.608,1
3,0004,box,box,0.598,1
3,0004,box,box,0.944,1
3,0006,can,can,1.0,1
3,0006,box,box,0.976,1
3,0006,box,box,0.974,1
3,0018,can,can,1.0,1
3,0018,bottle,bottle,0.918,1
3,0019,box,box,0.874,1
3,0019,box,box,0.994,1
3,0024,can,can,1.0,1
3,0024,bottle,bottle,0.908,1
3,0024,box,box,0.748,1
3,0024,bowl,bowl,0.966,1
3,0032,box,box,0.724,1
3,0032,bottle,bottle,0.726,1
3,0039,mug,mug,1.0,1
3,0041,can,can,1.0,1
3,0041,box,box,0.918,1
3,0044,box,box,0.936,1
3,0044,can,can,1.0,1
3,0044,box,box,0.938,1
3,0044,box,box,0.752,1
3,0048,can,can,1.0,1
3,0048,mug,mug,0.738,1
3,0051,can,can,1.0,1
3,0051,box,box,0.934,1
3,0051,can,can,1.0,1
3,0057,can,can,1.0,1
3,0057,bottle,bottle,0.618,1
3,0057,box,box,0.964,1
3,0065,can,can,1.0,1
3,0065,bottle,bottle,0.978,1
3,0065,box,box,0.956,1
3,0065,mug,mug,1.0,1
3,0069,can,can,1.0,1
3,0069,bottle,bottle,0.786,1
3,0069,box,mug,0.472,0
3,0069,mug,mug,1.0,1
3,0070,box,box,1.0,1
3,0070,box,box,0.968,1
3,0070,mug,mug,0.994,1
3,0073,box,mug,0.668,0
3,0085,box,box,0.93,1
3,0085,box,box,0.782,1
3,0085,box,box,0.956,1
3,0086,can,can,1.0,1
4,0008,can,can,1.0,1
4,0008,bottle,bottle,0.904,1
4,0008,bottle,bottle,0.642,1
4,0015,bottle,box,0.51,0
4,0015,box,box,0.992,1
4,0017,can,can,1.0,1
4,0017,box,box,0.594,1
4,0017,can,can,1.0,1
4,0025,box,box,0.872,1
4,0025,box,box,0.98,1
4,0034,can,can,1.0,1
4,0037,box,box,0.93,1
4,0037,can,can,1.0,1
4,0037,bottle,bottle,0.842,1
4,0052,bottle,bottle,0.764,1
4,0053,can,can,1.0,1
4,0053,bowl,bowl,0.998,1
4,0056,can,can,1.0,1
4,0062,bottle,bottle,0.678,1
4,0066,box,box,0.996,1
4,0066,can,can,1.0,1
4,0066,box,box,0.986,1
4,0072,bottle,bottle,0.94,1
4,0072,box,box,0.972,1
4,0078,can,can,1.0,1
4,0089,box,box,0.994,1
4,0089,can,can,1.0,1
