model,n_per_class,seed,n_train_rows,n_test_rows,overall_accuracy,balanced_accuracy,box_accuracy,can_accuracy,mug_accuracy,bottle_accuracy,bowl_accuracy
knn,1,1042,5,325,0.48307692307692307,0.2959069767441861,0.34,1.0,0.0,0.13953488372093023,0.0
svm_linear,1,1042,5,325,0.48307692307692307,0.2959069767441861,0.34,1.0,0.0,0.13953488372093023,0.0
svm_rbf,1,1042,5,325,0.48307692307692307,0.2959069767441861,0.34,1.0,0.0,0.13953488372093023,0.0
knn,1,1043,5,280,0.3392857142857143,0.5558435192258722,0.17613636363636365,0.9411764705882353,1.0,0.2619047619047619,0.4
svm_linear,1,1043,5,280,0.3392857142857143,0.5558435192258722,0.17613636363636365,0.9411764705882353,1.0,0.2619047619047619,0.4
svm_rbf,1,1043,5,280,0.3392857142857143,0.5558435192258722,0.17613636363636365,0.9411764705882353,1.0,0.2619047619047619,0.4
knn,1,1044,5,350,0.7057142857142857,0.7424408802498828,0.5348837209302325,0.9761904761904762,0.8695652173913043,0.7931034482758621,0.5384615384615384
svm_linear,1,1044,5,350,0.7057142857142857,0.7424408802498828,0.5348837209302325,0.9761904761904762,0.8695652173913043,0.7931034482758621,0.5384615384615384
svm_rbf,1,1044,5,350,0.7057142857142857,0.7424408802498828,0.5348837209302325,0.9761904761904762,0.8695652173913043,0.7931034482758621,0.5384615384615384
knn,1,1045,5,338,0.40828402366863903,0.6269206043072967,0.02185792349726776,1.0,0.7352941176470589,0.7941176470588235,0.5833333333333334
svm_linear,1,1045,5,338,0.40828402366863903,0.6269206043072967,0.02185792349726776,1.0,0.7352941176470589,0.7941176470588235,0.5833333333333334
svm_rbf,1,1045,5,338,0.40828402366863903,0.6269206043072967,0.02185792349726776,1.0,0.7352941176470589,0.7941176470588235,0.5833333333333334
knn,1,1046,5,329,0.6838905775075987,0.638995846673012,0.5142857142857142,0.9133858267716536,0.358974358974359,0.7083333333333334,0.7
svm_linear,1,1046,5,329,0.6838905775075987,0.638995846673012,0.5142857142857142,0.9133858267716536,0.358974358974359,0.7083333333333334,0.7
svm_rbf,1,1046,5,329,0.6838905775075987,0.638995846673012,0.5142857142857142,0.9133858267716536,0.358974358974359,0.7083333333333334,0.7
knn,1,1047,5,335,0.39104477611940297,0.3680920528746616,0.006211180124223602,0.989010989010989,0.16666666666666666,0.6785714285714286,0.0
svm_linear,1,1047,5,335,0.39104477611940297,0.3680920528746616,0.006211180124223602,0.989010989010989,0.16666666666666666,0.6785714285714286,0.0
svm_rbf,1,1047,5,335,0.39104477611940297,0.3680920528746616,0.006211180124223602,0.989010989010989,0.16666666666666666,0.6785714285714286,0.0
knn,1,1048,5,349,0.4355300859598854,0.4388402847797752,0.28662420382165604,0.9880952380952381,0.3333333333333333,0.14864864864864866,0.4375
svm_linear,1,1048,5,349,0.4355300859598854,0.4388402847797752,0.28662420382165604,0.9880952380952381,0.3333333333333333,0.14864864864864866,0.4375
svm_rbf,1,1048,5,349,0.4355300859598854,0.4388402847797752,0.28662420382165604,0.9880952380952381,0.3333333333333333,0.14864864864864866,0.4375
knn,1,1049,5,289,0.6539792387543253,0.6833232284956423,0.4523809523809524,0.9655172413793104,0.8,0.5833333333333334,0.6153846153846154
svm_linear,1,1049,5,289,0.6539792387543253,0.6833232284956423,0.4523809523809524,0.9655172413793104,0.8,0.5833333333333334,0.6153846153846154
svm_rbf,1,1049,5,289,0.6539792387543253,0.6833232284956423,0.4523809523809524,0.9655172413793104,0.8,0.5833333333333334,0.6153846153846154
knn,1,1050,5,377,0.5676392572944297,0.5165490033222592,0.17054263565891473,0.93125,0.6,0.4642857142857143,0.4166666666666667
svm_linear,1,1050,5,377,0.5676392572944297,0.5165490033222592,0.17054263565891473,0.93125,0.6,0.4642857142857143,0.4166666666666667
svm_rbf,1,1050,5,377,0.5676392572944297,0.5165490033222592,0.17054263565891473,0.93125,0.6,0.4642857142857143,0.4166666666666667
knn,1,1051,5,317,0.6561514195583596,0.5536389489775317,0.4566929133858268,0.9743589743589743,0.8571428571428571,0.48,0.0
svm_linear,1,1051,5,317,0.6561514195583596,0.5536389489775317,0.4566929133858268,0.9743589743589743,0.8571428571428571,0.48,0.0
svm_rbf,1,1051,5,317,0.6561514195583596,0.5536389489775317,0.4566929133858268,0.9743589743589743,0.8571428571428571,0.48,0.0
knn,1,1052,5,344,0.3546511627906977,0.44036574984589194,0.006134969325153374,0.968421052631579,0.35714285714285715,0.22727272727272727,0.6428571428571429
svm_linear,1,1052,5,344,0.3546511627906977,0.44036574984589194,0.006134969325153374,0.968421052631579,0.35714285714285715,0.22727272727272727,0.6428571428571429
svm_rbf,1,1052,5,344,0.3546511627906977,0.44036574984589194,0.006134969325153374,0.968421052631579,0.35714285714285715,0.22727272727272727,0.6428571428571429
knn,1,1053,5,320,0.390625,0.3802298196724106,0.35609756097560974,0.78125,0.5185185185185185,0.24528301886792453,0.0
svm_linear,1,1053,5,320,0.390625,0.3802298196724106,0.35609756097560974,0.78125,0.5185185185185185,0.24528301886792453,0.0
svm_rbf,1,1053,5,320,0.390625,0.3802298196724106,0.35609756097560974,0.78125,0.5185185185185185,0.24528301886792453,0.0
knn,1,1054,5,285,0.5578947368421052,0.6837654230912658,0.4606741573033708,0.746031746031746,1.0,0.6666666666666666,0.5454545454545454
svm_linear,1,1054,5,285,0.5578947368421052,0.6837654230912658,0.4606741573033708,0.746031746031746,1.0,0.6666666666666666,0.5454545454545454
svm_rbf,1,1054,5,285,0.5578947368421052,0.6837654230912658,0.4606741573033708,0.746031746031746,1.0,0.6666666666666666,0.5454545454545454
knn,1,1055,5,284,0.5950704225352113,0.4636581196581197,0.72,1.0,0.4444444444444444,0.0,0.15384615384615385
svm_linear,1,1055,5,284,0.5950704225352113,0.4636581196581197,0.72,1.0,0.4444444444444444,0.0,0.15384615384615385
svm_rbf,1,1055,5,284,0.5950704225352113,0.4636581196581197,0.72,1.0,0.4444444444444444,0.0,0.15384615384615385
knn,1,1056,5,429,0.4988344988344988,0.40622056556839164,0.1793478260869565,0.9805194805194806,0.3783783783783784,0.35,0.14285714285714285
svm_linear,1,1056,5,429,0.4988344988344988,0.40622056556839164,0.1793478260869565,0.9805194805194806,0.3783783783783784,0.35,0.14285714285714285
svm_rbf,1,1056,5,429,0.4988344988344988,0.40622056556839164,0.1793478260869565,0.9805194805194806,0.3783783783783784,0.35,0.14285714285714285
knn,1,1057,5,295,0.511864406779661,0.47676997436928625,0.48201438848920863,0.7246376811594203,0.875,0.07142857142857142,0.23076923076923078
svm_linear,1,1057,5,295,0.511864406779661,0.47676997436928625,0.48201438848920863,0.7246376811594203,0.875,0.07142857142857142,0.23076923076923078
svm_rbf,1,1057,5,295,0.511864406779661,0.47676997436928625,0.48201438848920863,0.7246376811594203,0.875,0.07142857142857142,0.23076923076923078
knn,1,1058,5,411,0.583941605839416,0.4461896798853321,0.25,0.9836956521739131,0.14285714285714285,0.39285714285714285,0.46153846153846156
svm_linear,1,1058,5,411,0.583941605839416,0.4461896798853321,0.25,0.9836956521739131,0.14285714285714285,0.39285714285714285,0.46153846153846156
svm_rbf,1,1058,5,411,0.583941605839416,0.4461896798853321,0.25,0.9836956521739131,0.14285714285714285,0.39285714285714285,0.46153846153846156
knn,1,1059,5,331,0.5800604229607251,0.49954573688351483,0.3684210526315789,0.8951612903225806,0.6,0.6341463414634146,0.0
svm_linear,1,1059,5,331,0.5800604229607251,0.49954573688351483,0.3684210526315789,0.8951612903225806,0.6,0.6341463414634146,0.0
svm_rbf,1,1059,5,331,0.5800604229607251,0.49954573688351483,0.3684210526315789,0.8951612903225806,0.6,0.6341463414634146,0.0
knn,1,1060,5,342,0.5789473684210527,0.39982114467408586,0.5625,1.0,0.125,0.13513513513513514,0.17647058823529413
svm_linear,1,1060,5,342,0.5789473684210527,0.39982114467408586,0.5625,1.0,0.125,0.13513513513513514,0.17647058823529413
svm_rbf,1,1060,5,342,0.5789473684210527,0.39982114467408586,0.5625,1.0,0.125,0.13513513513513514,0.17647058823529413
knn,1,1061,5,372,0.7096774193548387,0.5162446080482744,0.6095890410958904,0.9867549668874173,0.5161290322580645,0.21875,0.25
svm_linear,1,1061,5,372,0.7096774193548387,0.5162446080482744,0.6095890410958904,0.9867549668874173,0.5161290322580645,0.21875,0.25
svm_rbf,1,1061,5,372,0.7096774193548387,0.5162446080482744,0.6095890410958904,0.9867549668874173,0.5161290322580645,0.21875,0.25
knn,2,2042,10,380,0.45526315789473687,0.4490022838465465,0.16560509554140126,0.8449612403100775,0.0425531914893617,0.8918918918918919,0.3
svm_linear,2,2042,10,380,0.6736842105263158,0.5300378356402208,0.5732484076433121,1.0,0.2553191489361702,0.6216216216216216,0.2
svm_rbf,2,2042,10,380,0.5105263157894737,0.4273617973577317,0.1592356687898089,1.0,0.3829787234042553,0.5945945945945946,0.0
knn,2,2043,10,377,0.5145888594164456,0.41058441558441555,0.375,0.7142857142857143,0.0,0.7636363636363637,0.2
svm_linear,2,2043,10,377,0.6021220159151194,0.5791522366522367,0.4125,0.8650793650793651,0.5,0.6181818181818182,0.5
svm_rbf,2,2043,10,377,0.5145888594164456,0.5098273948273948,0.275,0.8412698412698413,0.2692307692307692,0.5636363636363636,0.6
knn,2,2044,10,361,0.5761772853185596,0.4877291627291627,0.08391608391608392,0.9797297297297297,0.0,0.875,0.5
svm_linear,2,2044,10,361,0.814404432132964,0.5868704268704269,0.7482517482517482,0.9932432432432432,0.3,0.6428571428571429,0.25
svm_rbf,2,2044,10,361,0.7562326869806094,0.5681658881658882,0.7342657342657343,0.8851351351351351,0.4,0.5714285714285714,0.25
knn,2,2045,10,392,0.6428571428571429,0.43738716895459645,0.4263565891472868,0.9941176470588236,0.2727272727272727,0.3508771929824561,0.14285714285714285
svm_linear,2,2045,10,392,0.6658163265306123,0.47936914167024314,0.4186046511627907,1.0,0.2727272727272727,0.49122807017543857,0.21428571428571427
svm_rbf,2,2045,10,392,0.43112244897959184,0.3518511301260239,0.26356589147286824,0.5941176470588235,0.4090909090909091,0.42105263157894735,0.07142857142857142
knn,2,2046,10,291,0.5292096219931272,0.50910250779816,0.3106060606060606,0.9420289855072463,0.3076923076923077,0.6851851851851852,0.3
svm_linear,2,2046,10,291,0.6151202749140894,0.5418456583673975,0.5,0.9565217391304348,0.4230769230769231,0.6296296296296297,0.2
svm_rbf,2,2046,10,291,0.6288659793814433,0.5643144938797112,0.5454545454545454,0.8695652173913043,0.5769230769230769,0.6296296296296297,0.2
knn,2,2047,10,386,0.7124352331606217,0.5580451217754856,0.358974358974359,0.9937106918238994,0.21739130434782608,0.9701492537313433,0.25
svm_linear,2,2047,10,386,0.7512953367875648,0.5879334799886267,0.5555555555555556,0.9874213836477987,0.2608695652173913,0.835820895522388,0.3
svm_rbf,2,2047,10,386,0.7253886010362695,0.5833009977980776,0.4017094017094017,1.0,0.30434782608695654,0.9104477611940298,0.3
knn,2,2048,10,351,0.16809116809116809,0.27362608565438756,0.11904761904761904,0.07547169811320754,0.0,0.6111111111111112,0.5625
svm_linear,2,2048,10,351,0.21652421652421652,0.3458959269242288,0.17261904761904762,0.07547169811320754,0.28,0.6388888888888888,0.5625
svm_rbf,2,2048,10,351,0.18518518518518517,0.272374213836478,0.16666666666666666,0.0660377358490566,0.4,0.4166666666666667,0.3125
knn,2,2049,10,315,0.5015873015873016,0.47996114454651034,0.25757575757575757,0.86,0.0,0.8536585365853658,0.42857142857142855
svm_linear,2,2049,10,315,0.5587301587301587,0.5543602576285502,0.2803030303030303,0.98,0.2571428571428571,0.6829268292682927,0.5714285714285714
svm_rbf,2,2049,10,315,0.5523809523809524,0.5415795586527293,0.3333333333333333,0.9,0.17142857142857143,0.7317073170731707,0.5714285714285714
knn,2,2050,10,310,0.535483870967742,0.44331288125975316,0.17293233082706766,0.9811320754716981,0.0,0.7291666666666666,0.3333333333333333
svm_linear,2,2050,10,310,0.532258064516129,0.5353199142796958,0.20300751879699247,0.9716981132075472,0.2727272727272727,0.4791666666666667,0.75
svm_rbf,2,2050,10,310,0.49032258064516127,0.454354690327878,0.13533834586466165,0.9811320754716981,0.36363636363636365,0.4583333333333333,0.3333333333333333
knn,2,2051,10,276,0.43478260869565216,0.4099228705566733,0.2642857142857143,0.9436619718309859,0.0,0.5416666666666666,0.3
svm_linear,2,2051,10,276,0.4311594202898551,0.5003646610847883,0.20714285714285716,0.971830985915493,0.06451612903225806,0.4583333333333333,0.8
svm_rbf,2,2051,10,276,0.427536231884058,0.4082884403193353,0.2714285714285714,0.8732394366197183,0.0967741935483871,0.5,0.3
knn,2,2052,10,315,0.6761904761904762,0.5834948516050878,0.5905511811023622,1.0,0.0,0.7435897435897436,0.5833333333333334
svm_linear,2,2052,10,315,0.7555555555555555,0.6399368348187245,0.7244094488188977,1.0,0.5714285714285714,0.48717948717948717,0.4166666666666667
svm_rbf,2,2052,10,315,0.6730158730158731,0.5602722736581004,0.5669291338582677,1.0,0.2857142857142857,0.6153846153846154,0.3333333333333333
knn,2,2053,10,333,0.4984984984984985,0.5363455618942888,0.11194029850746269,0.9747899159663865,0.23809523809523808,0.6296296296296297,0.7272727272727273
svm_linear,2,2053,10,333,0.7387387387387387,0.7291104953967114,0.5223880597014925,0.9831932773109243,0.8571428571428571,0.5555555555555556,0.7272727272727273
svm_rbf,2,2053,10,333,0.6906906906906907,0.585080370154997,0.4552238805970149,1.0,0.8809523809523809,0.4074074074074074,0.18181818181818182
knn,2,2054,10,257,0.5408560311284046,0.3992779005459805,0.5566037735849056,0.9545454545454546,0.05263157894736842,0.2826086956521739,0.15
svm_linear,2,2054,10,257,0.5486381322957199,0.48680585048272107,0.5471698113207547,0.9696969696969697,0.47368421052631576,0.043478260869565216,0.4
svm_rbf,2,2054,10,257,0.5836575875486382,0.4587455270288482,0.6792452830188679,0.9848484848484849,0.15789473684210525,0.021739130434782608,0.45
knn,2,2055,10,305,0.6918032786885245,0.5392024431264937,0.6713286713286714,0.9746835443037974,0.05,0.7619047619047619,0.23809523809523808
svm_linear,2,2055,10,305,0.5901639344262295,0.48444804141006675,0.4825174825174825,0.9873417721518988,0.0,0.6190476190476191,0.3333333333333333
svm_rbf,2,2055,10,305,0.5409836065573771,0.488947718947719,0.35664335664335667,1.0,0.35,0.5952380952380952,0.14285714285714285
knn,2,2056,10,309,0.5307443365695793,0.5207792207792208,0.2727272727272727,1.0,0.09090909090909091,0.7857142857142857,0.45454545454545453
svm_linear,2,2056,10,309,0.46601941747572817,0.5225174825174825,0.13986013986013987,1.0,0.3181818181818182,0.7,0.45454545454545453
svm_rbf,2,2056,10,309,0.45307443365695793,0.47050061050061043,0.2097902097902098,0.7777777777777778,0.2727272727272727,0.7285714285714285,0.36363636363636365
knn,2,2057,10,309,0.517799352750809,0.43274492827433997,0.2647058823529412,0.9733333333333334,0.05555555555555555,0.7272727272727273,0.14285714285714285
svm_linear,2,2057,10,309,0.5339805825242718,0.5133753501400561,0.25735294117647056,1.0,0.5,0.6666666666666666,0.14285714285714285
svm_rbf,2,2057,10,309,0.4110032362459547,0.4768178422884305,0.11029411764705882,0.68,0.6111111111111112,0.696969696969697,0.2857142857142857
knn,2,2058,10,391,0.7544757033248082,0.5192944431945449,0.49295774647887325,0.9948453608247423,0.2222222222222222,0.7435897435897436,0.14285714285714285
svm_linear,2,2058,10,391,0.6138107416879796,0.5905330298825289,0.07042253521126761,0.9896907216494846,0.8888888888888888,0.717948717948718,0.2857142857142857
svm_rbf,2,2058,10,391,0.5601023017902813,0.5502794367757341,0.04225352112676056,0.9020618556701031,0.7777777777777778,0.7435897435897436,0.2857142857142857
knn,2,2059,10,271,0.4870848708487085,0.38590589312111767,0.2975206611570248,0.9156626506024096,0.0,0.5625,0.15384615384615385
svm_linear,2,2059,10,271,0.6088560885608856,0.5214944009987822,0.4793388429752066,0.9397590361445783,0.3181818181818182,0.5625,0.3076923076923077
svm_rbf,2,2059,10,271,0.44280442804428044,0.4069096155760997,0.30578512396694213,0.7108433734939759,0.2727272727272727,0.4375,0.3076923076923077
knn,2,2060,10,391,0.5294117647058824,0.4934523809523809,0.19642857142857142,0.9375,0.0,0.7333333333333333,0.6
svm_linear,2,2060,10,391,0.6061381074168798,0.5452380952380952,0.30952380952380953,1.0,0.4166666666666667,0.6,0.4
svm_rbf,2,2060,10,391,0.5882352941176471,0.5077380952380952,0.30952380952380953,0.9791666666666666,0.25,0.6,0.4
knn,2,2061,10,254,0.5236220472440944,0.43321404237239636,0.38461538461538464,0.9178082191780822,0.1111111111111111,0.5172413793103449,0.23529411764705882
svm_linear,2,2061,10,254,0.6692913385826772,0.5761314770206376,0.6068376068376068,0.9726027397260274,0.5,0.4482758620689655,0.35294117647058826
svm_rbf,2,2061,10,254,0.5905511811023622,0.5188285214404307,0.5641025641025641,0.7945205479452054,0.4444444444444444,0.3793103448275862,0.4117647058823529
knn,5,5042,25,289,0.5259515570934256,0.5474523200584581,0.12605042016806722,0.98,0.625,0.43478260869565216,0.5714285714285714
svm_linear,5,5042,25,289,0.6885813148788927,0.5567508220679576,0.5126050420168067,0.98,0.875,0.13043478260869565,0.2857142857142857
svm_rbf,5,5042,25,289,0.629757785467128,0.5273354037267081,0.42857142857142855,0.93,0.775,0.21739130434782608,0.2857142857142857
knn,5,5043,25,324,0.5246913580246914,0.5445700097198539,0.21428571428571427,0.9878048780487805,0.46875,0.8297872340425532,0.2222222222222222
svm_linear,5,5043,25,324,0.6697530864197531,0.6277924315061056,0.5584415584415584,0.9878048780487805,0.53125,0.6170212765957447,0.4444444444444444
svm_rbf,5,5043,25,324,0.6820987654320988,0.671494075606686,0.512987012987013,0.9878048780487805,0.625,0.7872340425531915,0.4444444444444444
knn,5,5044,25,379,0.6543535620052771,0.6195040121622399,0.23232323232323232,0.8860759493670886,0.7380952380952381,0.7076923076923077,0.5333333333333333
svm_linear,5,5044,25,379,0.841688654353562,0.7405061605061605,0.7878787878787878,1.0,0.6428571428571429,0.7384615384615385,0.5333333333333333
svm_rbf,5,5044,25,379,0.783641160949868,0.6966899766899767,0.5757575757575758,1.0,0.6666666666666666,0.7076923076923077,0.5333333333333333
knn,5,5045,25,301,0.4717607973421927,0.49599429421200447,0.23870967741935484,0.9746835443037974,0.07692307692307693,0.6896551724137931,0.5
svm_linear,5,5045,25,301,0.5116279069767442,0.5999759262247822,0.2064516129032258,0.9746835443037974,0.6923076923076923,0.7931034482758621,0.3333333333333333
svm_rbf,5,5045,25,301,0.53156146179402,0.5701771595905726,0.4064516129032258,0.6962025316455697,0.5384615384615384,0.7931034482758621,0.4166666666666667
knn,5,5046,25,369,0.6829268292682927,0.6252859435252459,0.3464566929133858,0.9704142011834319,0.6470588235294118,0.6,0.5625
svm_linear,5,5046,25,369,0.7181571815718157,0.5860560307615568,0.48031496062992124,0.9940828402366864,0.7058823529411765,0.5,0.25
svm_rbf,5,5046,25,369,0.7127371273712737,0.5927049559981473,0.44881889763779526,1.0,0.7647058823529411,0.5,0.25
knn,5,5047,25,315,0.6730158730158731,0.5118298368298368,0.5303030303030303,1.0,0.15384615384615385,0.625,0.25
svm_linear,5,5047,25,315,0.7142857142857143,0.6759032634032633,0.5606060606060606,1.0,0.9230769230769231,0.5833333333333334,0.3125
svm_rbf,5,5047,25,315,0.6317460317460317,0.5698179179311255,0.5151515151515151,0.8018867924528302,0.6153846153846154,0.7291666666666666,0.1875
knn,5,5048,25,313,0.4472843450479233,0.48931688878497387,0.44642857142857145,1.0,0.1794871794871795,0.10638297872340426,0.7142857142857143
svm_linear,5,5048,25,313,0.610223642172524,0.6734237393811862,0.5,1.0,0.48717948717948717,0.8085106382978723,0.5714285714285714
svm_rbf,5,5048,25,313,0.45686900958466453,0.5256975294209336,0.39880952380952384,1.0,0.3076923076923077,0.2553191489361702,0.6666666666666666
knn,5,5049,25,390,0.6153846153846154,0.4616334072431633,0.65,1.0,0.0975609756097561,0.22727272727272727,0.3333333333333333
svm_linear,5,5049,25,390,0.6461538461538462,0.545889381621089,0.675,1.0,0.3170731707317073,0.18181818181818182,0.5555555555555556
svm_rbf,5,5049,25,390,0.5692307692307692,0.5139835129212538,0.6125,0.9298245614035088,0.21951219512195122,0.030303030303030304,0.7777777777777778
knn,5,5050,25,307,0.5472312703583062,0.525813888422584,0.4968944099378882,0.9841269841269841,0.2777777777777778,0.2702702702702703,0.6
svm_linear,5,5050,25,307,0.5374592833876222,0.5411226754705015,0.4472049689440994,1.0,0.3611111111111111,0.2972972972972973,0.6
svm_rbf,5,5050,25,307,0.5211726384364821,0.4405793371010763,0.5279503105590062,0.8253968253968254,0.3333333333333333,0.21621621621621623,0.3
knn,5,5051,25,282,0.7375886524822695,0.5807509157509158,0.7678571428571429,1.0,0.16666666666666666,0.7692307692307693,0.2
svm_linear,5,5051,25,282,0.6418439716312057,0.5462271062271062,0.42857142857142855,1.0,0.8333333333333334,0.2692307692307692,0.2
svm_rbf,5,5051,25,282,0.7056737588652482,0.5768831974477135,0.6517857142857143,0.956989247311828,0.75,0.19230769230769232,0.3333333333333333
knn,5,5052,25,306,0.4477124183006536,0.5975046092643768,0.17177914110429449,0.9122807017543859,0.47619047619047616,0.7272727272727273,0.7
svm_linear,5,5052,25,306,0.46078431372549017,0.5876028330726426,0.19631901840490798,0.8771929824561403,0.6190476190476191,0.7454545454545455,0.5
svm_rbf,5,5052,25,306,0.4673202614379085,0.5695476560894708,0.2147239263803681,0.8421052631578947,1.0,0.6909090909090909,0.1
knn,5,5053,25,300,0.5333333333333333,0.500976009317572,0.1732283464566929,1.0,0.47058823529411764,0.6792452830188679,0.18181818181818182
svm_linear,5,5053,25,300,0.56,0.6150568405263539,0.2283464566929134,1.0,0.35294117647058826,0.5849056603773585,0.9090909090909091
svm_rbf,5,5053,25,300,0.6833333333333333,0.708112595803438,0.5039370078740157,1.0,0.47058823529411764,0.5660377358490566,1.0
knn,5,5054,25,328,0.4847560975609756,0.5173949579831933,0.3761904761904762,0.9607843137254902,0.3333333333333333,0.6666666666666666,0.25
svm_linear,5,5054,25,328,0.45426829268292684,0.5394187675070029,0.319047619047619,0.9607843137254902,0.5714285714285714,0.5333333333333333,0.3125
svm_rbf,5,5054,25,328,0.47560975609756095,0.5890826330532212,0.34285714285714286,0.9019607843137255,0.5714285714285714,0.5666666666666667,0.5625
knn,5,5055,25,275,0.49454545454545457,0.44136006732337013,0.26605504587155965,0.9772727272727273,0.06666666666666667,0.35135135135135137,0.5454545454545454
svm_linear,5,5055,25,275,0.6218181818181818,0.5757281593520125,0.47706422018348627,0.9886363636363636,0.5333333333333333,0.24324324324324326,0.6363636363636364
svm_rbf,5,5055,25,275,0.5309090909090909,0.5359695391805483,0.22018348623853212,0.9772727272727273,0.6666666666666666,0.2702702702702703,0.5454545454545454
knn,5,5056,25,301,0.5614617940199336,0.527490216996543,0.43884892086330934,0.9880952380952381,0.1388888888888889,0.3793103448275862,0.6923076923076923
svm_linear,5,5056,25,301,0.6511627906976745,0.5974058040418745,0.5179856115107914,0.9761904761904762,0.6944444444444444,0.41379310344827586,0.38461538461538464
svm_rbf,5,5056,25,301,0.5714285714285714,0.5332414780566604,0.45323741007194246,0.9880952380952381,0.2222222222222222,0.3103448275862069,0.6923076923076923
knn,5,5057,25,339,0.6578171091445427,0.4614076034072963,0.5,0.9928057553956835,0.3170731707317073,0.40625,0.09090909090909091
svm_linear,5,5057,25,339,0.7020648967551623,0.5927292831993294,0.4827586206896552,0.9928057553956835,0.6585365853658537,0.375,0.45454545454545453
svm_rbf,5,5057,25,339,0.6902654867256637,0.6066829940741953,0.5172413793103449,0.8992805755395683,0.7560975609756098,0.40625,0.45454545454545453
knn,5,5058,25,422,0.5687203791469194,0.4673931241172621,0.23214285714285715,0.9885057471264368,0.07692307692307693,0.7666666666666667,0.2727272727272727
svm_linear,5,5058,25,422,0.6137440758293838,0.5215412174032863,0.2857142857142857,0.9942528735632183,0.5641025641025641,0.4,0.36363636363636365
svm_rbf,5,5058,25,422,0.6232227488151659,0.5322005006487764,0.30357142857142855,0.9770114942528736,0.6410256410256411,0.4666666666666667,0.2727272727272727
knn,5,5059,25,345,0.43768115942028984,0.5019401654736957,0.14917127071823205,0.9885057471264368,0.47619047619047616,0.5208333333333334,0.375
svm_linear,5,5059,25,345,0.5478260869565217,0.5271668526431339,0.4143646408839779,0.9655172413793104,0.38095238095238093,0.375,0.5
svm_rbf,5,5059,25,345,0.518840579710145,0.5536990038918977,0.292817679558011,0.9310344827586207,0.5238095238095238,0.6458333333333334,0.375
knn,5,5060,25,375,0.6,0.4721160000474736,0.05555555555555555,0.9877300613496932,0.21621621621621623,0.8867924528301887,0.21428571428571427
svm_linear,5,5060,25,375,0.7146666666666667,0.5487748948161032,0.39814814814814814,0.9938650306748467,0.5405405405405406,0.8113207547169812,0.0
svm_rbf,5,5060,25,375,0.6826666666666666,0.5213763827492268,0.4444444444444444,0.9079754601226994,0.40540540540540543,0.8490566037735849,0.0
knn,5,5061,25,355,0.6338028169014085,0.535100671009068,0.41333333333333333,0.9770992366412213,0.35714285714285715,0.5945945945945946,0.3333333333333333
svm_linear,5,5061,25,355,0.6845070422535211,0.6077010816705473,0.4666666666666667,0.9923664122137404,0.6785714285714286,0.5675675675675675,0.3333333333333333
svm_rbf,5,5061,25,355,0.6732394366197183,0.5776147576147577,0.43333333333333335,1.0,0.8571428571428571,0.4864864864864865,0.1111111111111111
knn,10,10042,50,336,0.6547619047619048,0.5989379274745128,0.36585365853658536,0.9907407407407407,0.38095238095238093,0.7571428571428571,0.5
svm_linear,10,10042,50,336,0.7470238095238095,0.7129152148664344,0.5121951219512195,1.0,0.8095238095238095,0.8142857142857143,0.42857142857142855
svm_rbf,10,10042,50,336,0.6964285714285714,0.6213704994192799,0.4878048780487805,1.0,0.47619047619047616,0.7142857142857143,0.42857142857142855
knn,10,10043,50,363,0.6556473829201102,0.6703047671425774,0.42196531791907516,1.0,0.8235294117647058,0.5675675675675675,0.5384615384615384
svm_linear,10,10043,50,363,0.6528925619834711,0.6939858803170602,0.4046242774566474,1.0,0.8823529411764706,0.5675675675675675,0.6153846153846154
svm_rbf,10,10043,50,363,0.5977961432506887,0.6271586707791417,0.35260115606936415,0.9349593495934959,1.0,0.5405405405405406,0.3076923076923077
knn,10,10044,50,282,0.7269503546099291,0.7568441168441169,0.5151515151515151,1.0,0.5135135135135135,0.7555555555555555,1.0
svm_linear,10,10044,50,282,0.7659574468085106,0.7125211575211575,0.5353535353535354,1.0,0.918918918918919,0.7333333333333333,0.375
svm_rbf,10,10044,50,282,0.74822695035461,0.7174105924105925,0.5656565656565656,1.0,0.7297297297297297,0.6666666666666666,0.625
knn,10,10045,50,305,0.6295081967213115,0.6726103580118179,0.38686131386861317,1.0,0.7142857142857143,0.7619047619047619,0.5
svm_linear,10,10045,50,305,0.5704918032786885,0.6462657861198007,0.31386861313868614,1.0,0.7142857142857143,0.6031746031746031,0.6
svm_rbf,10,10045,50,305,0.5147540983606558,0.6599258486849727,0.1678832116788321,1.0,0.9285714285714286,0.6031746031746031,0.6
knn,10,10046,50,338,0.5532544378698225,0.6391214055131581,0.2857142857142857,0.9896907216494846,0.6111111111111112,0.5757575757575758,0.7333333333333333
svm_linear,10,10046,50,338,0.6686390532544378,0.682995670995671,0.5028571428571429,1.0,0.8333333333333334,0.5454545454545454,0.5333333333333333
svm_rbf,10,10046,50,338,0.636094674556213,0.690166525341783,0.4342857142857143,0.9690721649484536,0.9444444444444444,0.6363636363636364,0.4666666666666667
knn,10,10047,50,330,0.7727272727272727,0.7151139602275395,0.6521739130434783,0.975609756097561,0.3684210526315789,0.7222222222222222,0.8571428571428571
svm_linear,10,10047,50,330,0.7090909090909091,0.5690276415676874,0.6304347826086957,1.0,0.42105263157894735,0.2222222222222222,0.5714285714285714
svm_rbf,10,10047,50,330,0.706060606060606,0.6252177811088343,0.5869565217391305,0.959349593495935,0.42105263157894735,0.4444444444444444,0.7142857142857143
knn,10,10048,50,274,0.6459854014598541,0.6212459478505991,0.46,0.961038961038961,0.3939393939393939,0.7674418604651163,0.5238095238095238
svm_linear,10,10048,50,274,0.6970802919708029,0.6630522500755058,0.53,0.974025974025974,0.5454545454545454,0.8372093023255814,0.42857142857142855
svm_rbf,10,10048,50,274,0.6204379562043796,0.6049306352562167,0.36,1.0,0.5151515151515151,0.7209302325581395,0.42857142857142855
knn,10,10049,50,358,0.7122905027932961,0.6936872098799662,0.4496124031007752,0.984,0.5151515151515151,0.819672131147541,0.7
svm_linear,10,10049,50,358,0.7793296089385475,0.7442347624163865,0.5581395348837209,0.976,0.8181818181818182,0.8688524590163934,0.5
svm_rbf,10,10049,50,358,0.7905027932960894,0.745400247230213,0.5891472868217055,1.0,0.8181818181818182,0.819672131147541,0.5
knn,10,10050,50,322,0.6366459627329193,0.6654202847185303,0.5263157894736842,0.9876543209876543,0.3055555555555556,0.5909090909090909,0.9166666666666666
svm_linear,10,10050,50,322,0.5186335403726708,0.6585120207927225,0.23391812865497075,0.9753086419753086,0.75,0.5,0.8333333333333334
svm_rbf,10,10050,50,322,0.531055900621118,0.5854066985645934,0.2982456140350877,1.0,0.5833333333333334,0.5454545454545454,0.5
knn,10,10051,50,276,0.6557971014492754,0.5482882700250867,0.5789473684210527,0.9850746268656716,0.0,0.6774193548387096,0.5
svm_linear,10,10051,50,276,0.7427536231884058,0.6186999757458163,0.7236842105263158,1.0,0.5714285714285714,0.5483870967741935,0.25
svm_rbf,10,10051,50,276,0.7246376811594203,0.5606152477969115,0.7105263157894737,1.0,0.42857142857142855,0.5806451612903226,0.08333333333333333
knn,10,10052,50,374,0.660427807486631,0.5894886363636364,0.515625,1.0,0.18181818181818182,0.75,0.5
svm_linear,10,10052,50,374,0.6631016042780749,0.710189393939394,0.4479166666666667,1.0,0.6363636363636364,0.8,0.6666666666666666
svm_rbf,10,10052,50,374,0.6336898395721925,0.5956439393939394,0.4479166666666667,1.0,0.36363636363636365,0.75,0.4166666666666667
knn,10,10053,50,355,0.8056338028169014,0.6780528774556235,0.7264957264957265,0.9927536231884058,0.64,0.7678571428571429,0.2631578947368421
svm_linear,10,10053,50,355,0.7126760563380282,0.6738494200942713,0.5299145299145299,0.9927536231884058,0.84,0.375,0.631578947368421
svm_rbf,10,10053,50,355,0.7605633802816901,0.6579490923518383,0.6581196581196581,0.9927536231884058,0.84,0.5357142857142857,0.2631578947368421
knn,10,10054,50,292,0.6164383561643836,0.595124598334317,0.5769230769230769,0.975,0.5217391304347826,0.6666666666666666,0.23529411764705882
svm_linear,10,10054,50,292,0.5821917808219178,0.689652951481596,0.45604395604395603,0.975,0.6956521739130435,0.7333333333333333,0.5882352941176471
svm_rbf,10,10054,50,292,0.5582191780821918,0.6140084595711195,0.46153846153846156,0.975,0.5217391304347826,0.7,0.4117647058823529
knn,10,10055,50,364,0.7884615384615384,0.692028677710417,0.7931034482758621,1.0,0.3333333333333333,0.7021276595744681,0.631578947368421
svm_linear,10,10055,50,364,0.760989010989011,0.6679863720478464,0.696551724137931,1.0,0.6153846153846154,0.6595744680851063,0.3684210526315789
svm_rbf,10,10055,50,364,0.7664835164835165,0.6846465336545269,0.7379310344827587,1.0,0.2564102564102564,0.7446808510638298,0.6842105263157895
knn,10,10056,50,315,0.765079365079365,0.5829430132708822,0.6885245901639344,1.0,0.5,0.39285714285714285,0.3333333333333333
svm_linear,10,10056,50,315,0.8158730158730159,0.7905582577713726,0.6475409836065574,1.0,0.8846153846153846,0.6428571428571429,0.7777777777777778
svm_rbf,10,10056,50,315,0.7619047619047619,0.7155977901879541,0.639344262295082,0.9230769230769231,0.8846153846153846,0.4642857142857143,0.6666666666666666
knn,10,10057,50,284,0.5704225352112676,0.5355644755937843,0.43410852713178294,0.9726027397260274,0.37777777777777777,0.56,0.3333333333333333
svm_linear,10,10057,50,284,0.6936619718309859,0.6002428940568475,0.6356589147286822,1.0,0.5555555555555556,0.56,0.25
svm_rbf,10,10057,50,284,0.7183098591549296,0.6583138295989522,0.6434108527131783,0.9726027397260274,0.6222222222222222,0.72,0.3333333333333333
knn,10,10058,50,293,0.7372013651877133,0.7797805991758547,0.5833333333333334,0.9863013698630136,1.0,0.8292682926829268,0.5
svm_linear,10,10058,50,293,0.6655290102389079,0.6094591901801371,0.6319444444444444,1.0,0.6470588235294118,0.2682926829268293,0.5
svm_rbf,10,10058,50,293,0.7167235494880546,0.6733823365630917,0.6666666666666666,0.9726027397260274,1.0,0.5609756097560976,0.16666666666666666
knn,10,10059,50,284,0.7922535211267606,0.6990263157894737,0.8125,0.97,0.68,0.5526315789473685,0.48
svm_linear,10,10059,50,284,0.7535211267605634,0.6665701754385964,0.7291666666666666,0.97,0.6,0.47368421052631576,0.56
svm_rbf,10,10059,50,284,0.6901408450704225,0.6272192982456141,0.5208333333333334,0.97,0.64,0.6052631578947368,0.4
knn,10,10060,50,314,0.7101910828025477,0.6862251759391036,0.5899280575539568,1.0,0.5517241379310345,0.6052631578947368,0.6842105263157895
svm_linear,10,10060,50,314,0.6847133757961783,0.728733891289872,0.4676258992805755,1.0,0.9655172413793104,0.5263157894736842,0.6842105263157895
svm_rbf,10,10060,50,314,0.6560509554140127,0.6917625246445311,0.43884892086330934,1.0,0.8620689655172413,0.47368421052631576,0.6842105263157895
knn,10,10061,50,351,0.6723646723646723,0.6275046142488003,0.5406976744186046,0.9333333333333333,0.26666666666666666,0.7857142857142857,0.6111111111111112
svm_linear,10,10061,50,351,0.6239316239316239,0.6231543004798819,0.47093023255813954,0.9666666666666667,0.5333333333333333,0.5892857142857143,0.5555555555555556
svm_rbf,10,10061,50,351,0.5698005698005698,0.557045035068291,0.3372093023255814,0.9444444444444444,0.2,0.8035714285714286,0.5
